label,sentence
extremely sad,Depression sucks! #depression
extremely sad,Feeling worthless as always #depression
extremely sad,Feeling worthless as always 
extremely sad,My #Fibromyalgia has been really bad lately which is not good for my mental state. I feel very overwhelmed #anxiety #bipolar #depression
extremely sad,Im think ima lay in bed all day and sulk. Life is hitting me to hard rn
extremely sad,So when I try I fail... and when I don't try... I still fail... #confused and #lost
extremely sad,Extreme sadness
extremely sad,my life in one word is depressing
extremely sad,Panic attacks are the worst. Feeling really sick and still shaking. I should be a sleep. #anxiety #depression
extremely sad,Feel so grim + ugly atm
extremely sad,Honestly depression is kicking my ass lately.. ðŸ˜”
extremely sad,At my age all I see is gray. Is it gray because of my bad eyes or my perspective #depression  #healingjustice
extremely sad,|After 3 idk why I start feeling so depress, sad and lonely.|
extremely sad,I sulk too much for my own good.
extremely sad,A night where depression is winning... #depression #fml #help
extremely sad,Going home is depressing
extremely sad,We can't even grieve over one black body before another one pops up due to pig brutality
extremely sad,It's a gloomy ass day
extremely sad,@Fra93_bruno wow I'm just really sadden by that. Terrible
extremely sad,My heads still in Ibiza but my body is sat at me desk at work #depressing
extremely sad,@Ashleyavitia_ don't leave me #sad
extremely sad,Depression sucks! 
extremely sad,It's been a week of awful connectivity with @TMobile no service or only 4G is not what Im paying for. #unhappy #poorservice
extremely sad,This the most depressing shit ever
extremely sad,Sometimes The Worst Place You Can Be Is In Your Own Head.'\n\n#quotes #worstenemy #depression #thinktoomuch
extremely sad,|@TMobileHelp my service is down in Cleveland, OH. What's going on? #unhappy|
extremely sad,What a sad evening - clearing out all of Harvey's cage and belongings. Now so final. Goodbye my little man.... #depressing
extremely sad,When you have 15 doe run the opposite side of you ðŸ™ #depression
extremely sad,The moment of the day when you have to start to plaster a smile in your face. #depression
extremely sad,I hate when it's gloomy outside because it always gets me in a depressing mood
extremely sad,People stealing things from my work out quite the damper on my day so now I am going to wear pajamas all day
extremely sad,@FlakeJay ring ring! #depression is here
extremely sad,It's now September and we're still battling a situation that was said to be handled March of this year. @ATT this is unacceptable #unhappy
extremely sad,|@xBFDR yeah I'm sure it will, it's just so depressing having to talk to my parents over the phone instead of talking to them downstairs|
extremely sad,||| At home sick... ðŸŽ¼The bluesðŸŽ¼ won't cure it so I need ideas ðŸŽ¸ðŸ˜­ || #sorethroat #sick #blues #music #fallweather #carletonuniversity #ottawa|
extremely sad,I wouldn't wish anxiety and depression even on the worst of people. It's not fun. #anxiety #depression
extremely sad,sorry Main twitter im in depress
extremely sad,|@Markgatiss I'm surrounded by those Trump voters. You're right, it is fucking terrifying. #redstate #despair|
extremely sad,come to the funeral tomorrow at 12 to mourn the death of my gpa
extremely sad,|@TNFryed Jesus, you just made think that of all the Vols v fl games I've seen. I've never seen a win. #depression|
extremely sad,After spending Â£450 @Debenhams I was offered a Â£5 voucher. I asked if I could spend it at weekend? Was told 'no valid today only' #unhappy
extremely sad,Thought I had a pretty solid GPA as a kin major and now that I look at the average for dpt programs I feel even more discouraged ðŸ˜ª
extremely sad,depress ðŸ˜­
extremely sad,|Lament a \nsaddened heart,\nso far &amp; \nyet so near,\nthe years so\ntough &amp; scarred,\nthis lonesome\nroad,\nstill feared! #depression \n\n#poetry #poem|
extremely sad,Summer officially ends today. #sadness
extremely sad,Well my evaluation came back and i am minimally effective. Student test scores on the PARCC sunk my eval. it's time for me to quit teaching
extremely sad,|bad news fam, life is still hard and awful #depression #anxiety #atleastIhaveBuffy|
extremely sad,|Oh, I should just 'get over' my #depression and 'be happy?' Don't you think I've tried that thousands of times already? You're not helping.|
extremely sad,Im really constipated. This is depressing
extremely sad,When health insurance won't cover TMS but they let me know they cover ECT #mentalhealth #psychology #depression #TMS #ECT
extremely sad,Somewhere between  #hope and #despair the day after #meetingmyabuserincourt \n#DVSurvivor
extremely sad,@Christy_RTR @doge_e_fresh I'm despondent
extremely sad,2 applications for my dbs and still waiting. Been over a year now. Going to loose my job ðŸ‘ðŸ¿ @GOVUK  #thanks #unhappy #crb
extremely sad,I miss when social media was a place to get laughs off and jump in DMs lol..... shit is depressing now ðŸ˜ž
extremely sad,@Hayles_101 The three R's depress me.
extremely sad,Too many gloomy days
extremely sad,The weather sure matches the mood in this state today.. #gloomy
extremely sad,and again dirty and  self loathing attitude  mope talking
extremely sad,Wearing all black tomorrow as I continue to mourn the lives of the most recent victims of police brutality. #blackout #WU
extremely sad,Am I the only person who dislikes fall? #FirstDayofFall #leaves #thingsdie #depressing #cold #noflipflops ðŸ‘ŽðŸ¾ðŸ‘ŽðŸ½ðŸ‘ŽðŸ»ðŸ‚ðŸ
extremely sad,My soul is weary of fighting the battles in this world. #BlackInAmerica #WeAreNotSafe
extremely sad,|My prayers are with the family, friends &amp; members of @VCFD  as you mourn the loss of Engineer Ryan Osler. #LODD #RIP|
extremely sad,Just wish I was appreciated for all I do! When is it my turn to be taken care of!! I want a break!! #tired 
extremely sad,|@pureleine though lately with how bad my depression has been i feel like my body is like just, taking what little it can get|
extremely sad,We have left #Maine. #sadness
extremely sad,|so fucking sad when the person you love doesn't try fighting for your happiness, when you'd do anything for them.|
extremely sad,@jccrocker #CharlotteProtest do u #wait 4 the facts #video or do u #hate now ask questions later #sad #protest #PoliceShootings #suggestions
extremely sad,It's interesting the photo of Mono Lisa is crying as well as the whole scene is very depressing #ELE6200
extremely sad,The news is disheartening. Everything that is going on is a result of a lack of understanding and misinformation by the media. #sadness
extremely sad,Never ever been this unhappy before in my life lmao
extremely sad,@lebara - worst possible decision I could have made when arriving in the UK. Shocking service. Poor coverage. #unhappy
extremely sad,Condolences to the  JC and the Georges family.. #sad
extremely sad,No one wants to win the wild card because you have to play the Cubs on the road.  #sadness
extremely sad,Groom gloom.
extremely sad,I don't think I can go to work tomorrow since val has left #GBBO I need a day to mourn
extremely sad,Good morning lovely people. Not gonna lie I've woken up feeling pretty glum.
extremely sad,@6itmap I can't help but feel melancholic!
extremely sad,@CTV_PowerPlay @lraitt Horrid disease! My maternal grandmother and each of her sisters suffered from this affliction. It's hard on all.
extremely sad,If anybody needs me I'll be drowning my blues in a sea of whiskey ðŸ»
extremely sad,@jeremycorbyn @magstogether my god is @jeremycorbyn a full shilling? Seriously you need a major rethink or no lab gove in your lifetime #sad
extremely sad,in health we did a think about depression and now i feel like i have it
extremely sad,@Gaychel22 @Kellee_II @seattlepi even hard facts don't seem to be sinking in... I despair ðŸ˜©
extremely sad,So depressing that it's darker so much earlier now
extremely sad,@KingJames @chrisbosh\n To good hearts I lost my job I'm Responsible 2 families My Information in profile even dollar if canâ€™t just Re-tweet
extremely sad,Currently unfollowing anything relating to disneyworld or Florida! #holidayblues #depressing #wantogoback ðŸ˜­ðŸ’”
extremely sad,It's just begun ladies and gents. The war on racism has begun. #sadness #Segregation continues.... smh ðŸ˜’
extremely sad,Just wish I was appreciated for all I do! When is it my turn to be taken care of!! I want a break!! #tired #lost
extremely sad,|So Mary Berry, Mel and Sue have gone with their principles, and @PaulHollywood  has gone with the fame and fortune. #GBBO  #depressing|
extremely sad,@crimsonwulfe it's super sad!! Especially when you are talking to a real person and not a bot! Makes it feel real :(
extremely sad,@ily_geuly call me now I'm laying in my bed moping like I intend to do for the next 2 months.
extremely sad,Baaarissshhhhh + sad song =  prefect night â€” feeling alone
extremely sad,im so gloomy today
extremely sad,Honestly I've come to a place where I keep getting discouraged but just gotta tell myself to keep pushing through it.
extremely sad,. @KotakBankLtd @udaykotak official got in touch. Issue not addressed. #unhappy #patheticservices
extremely sad,Back in Cardiff after an amazing 10 days away ðŸ˜­ #depressing
extremely sad,so lost i'm faded
extremely sad,Sometimes The Worst Place You Can Be Is In Your Own Head.'\n\n #quotes #worstenemy  #thinktoomuch
extremely sad,@British_Airways just came of BA6426 at @ortambo_int at least 6 passengers with broken bags. This was a new suitcase. #unhappy customer
extremely sad,Tell me how I'm supposed to feel. #broken #hateful #guilty #love #sadness
extremely sad,|tomorrow will be the last episode of despair arc, so much shit is gonna happen i'm not emotionally prepared...|
extremely sad,@TheZantarin Then maybe we should keep our White mouths shut and let the people being targeted speak and mourn.
extremely sad,@rockcock64 cum and despair
extremely sad,Ill say it again. If I was a Black man Id be afraid to leave my house or have a moving violation.\n\n#TerranceCrutcher #truth #sad
extremely sad,i is sad
extremely sad,|Wanna pop some pills, sedate myself, and wake up tomorrow.|
extremely sad,Patti seems so sad. She stamped and ran behind the sofa. We will have to give her plenty of love and affection...more than usual. #sad
extremely sad,|It feels like there are no houses out there for us. With the most basic requirements I have, there are literally no options. #discouraged|
extremely sad,Don't wanna go to work but I want the money #sad
extremely sad,Wow the #Denver housing market is #depressing no places to buy in my range ðŸ˜¢ #FML
extremely sad,one ep of despair arc made me happy but and then i'm going back to future arc and i'm upset again.
extremely sad,I have not nap for 3 days in a row I'm very unhappy rn
extremely sad,@megalvz literally was gloomy for an hour
extremely sad,|@MendipHillsAONB do we think the swallows and swifts have gone? Photo'd 3 nights ago, not seen since. #sad #Autumn|
extremely sad,|Fucking gutted, disheartened &amp; so pissed off.Gone from 1 off the toughest most resolute defences to the worst &amp; most shambolic #SCFC #STOHUL|
extremely sad,@TootingCommon stop!!! Don't make me laugh when I'm being sad.
extremely sad,Condolences to the  JC and the Georges family.. 
extremely sad,|@GoPro your UX online is appalling! No clear save button, not being able to use any generic TLD's #unhappy|
extremely sad,Literally being here makes me depress tbh
extremely sad,@wabermes The @RavalliRepublic had a good one but then the reporter quit. #sad
extremely sad,|This room is rather dreary, but we endure what we must.|
extremely sad,where broken hearted lovers do cry away their gloom
extremely sad,Another grim &amp; compelling news report by @Nawalf on the blockade of aid to the starving in #Yemen #BBC #dosomethingpoliticans
extremely sad,@GCC_DiscGolf lost my xt nova around hole 8 or 9 #sadness
extremely sad,@Uber_RSA when you click over and over again for a cupcake but there are no vehicles available... #sadness
extremely sad,Nasty nasty chilly rain has put a damper on my afternoon cigar.  This is NOT a good thing. @cspanwj And FOUR #CongressCritters tomorrow?
extremely sad,I got diagnosed with severe-extreme depression and I didn't know there was a difference between those two lol
extremely sad,#haikuchallenge #haiku\n\nThe crisp autumn air\nMy freedom purchased through death\nNo one will mourn me
extremely sad,Smokeys dad is sad :/
extremely sad,|Americans as a whole are, for the most part, feeling borderline despair at the very least. Looking at a situation out of control.|
extremely sad,@ryyyshh story of my life. #lost
extremely sad,When will the weeks full of Mondays end?? #disheartened
extremely sad,@HannahFJames I'm distraught! ðŸ˜­ Candice and her pout can piss off
extremely sad,@HutchinsonDave I don't know whether to despair or agitate for a cull.
extremely sad,Can I just sulk in peace ðŸ˜‚
extremely sad,It's sad when your man leaves work a little bit late and your worst fear is 'Oh no!! Did he get stopped by the police?!?! ' #sad #ourworld
extremely sad,MY CAR IS DENTED FROM THE HAIL sad
extremely sad,From My head to think it was better but obviously it's not #relapse #sadness #sickness #madness #misunderstanding
extremely sad,@WilsonsWorld I was in high school and remember helping neighbors clean up back home in Greenville.  Pretty sobering stuff.  #sadness
extremely sad,I have sleep cooties.\nI close my eyes and dream that I'm awake #weary #sleepissues #narcolepsy
extremely sad,wow almost all the T-Mobile stores in San Diego are out of Note7 replacements #sadness I need to get mine replaced
extremely sad,|I forgot my hair straightner home, I'm feeling lost without it... #lost #lostWithoutMyHairStraightener|
extremely sad,And I won't even get started with Hillary and her fancy fundraisers! #depressing
extremely sad,The underground at Waterloo is not a nice place to be at 8.30am on a Thursday #somanypeople #grim
extremely sad,When will the weeks full of Mondays end?? 
extremely sad,@Samkingftw ew omg that is so grim
extremely sad,@thatsabingo grim really
extremely sad,With loyal heart is concerned. #somber
extremely sad,@knology has providing customers w/equipment that doesn't deliver speeds of internet services that they have been charging. #unhappy #scam
extremely sad,@CNN yes. Too many cops. And too many ppl who should have lost their lives r still alive.
extremely sad,|If you find me lost, will you stay as a passerby or will you get lost with me? #musings #melancholy|
extremely sad,I'm getting use to not having a phone it's sad ..
extremely sad,|I'm slugging vitamin D pills by the handful, like they were m&amp;ms. When will this eternal winter end?! #Melbourne #grim #overit|
extremely sad,Sometimes the support network is causing the damage. \n\n #support #Damaged #alone #tired  #hurt #nojustice  #surivivor #NoMore
fairly sad,@JUSTICESLUT420 sadly this sort of poster died by the 90s afaik
fairly sad,@lucy_hyner @Soulboy2266 sadly not !! One less hour drinking time ðŸ˜¢ðŸ»
fairly sad,I was in the dark room for 58 minutes and failed every time I tried developing a photo I'm so frustrated with myself :')
fairly sad,Mixed emotions. #sadness #anxietymaybe #missingfriends #growingupsucks #lostfriends #wheresthetruefriends #complications
fairly sad,|@Jay_2752 thank you, I shall mourn her|
fairly sad,Making that yearly transition from excited and hopeful college returner to sick and exhausted pessimist. #college
fairly sad,|@Gervaisoholic But this is no easy ride for a child cries: \n'Oh, find me...find me, nothing more, \nWe are on a sullen misty moor...'|
fairly sad,|Had to give my 11yo AfAm son this advice today: 'be polite, no sudden movements, keep hands where they can see them'. #sadness|
fairly sad,Man Southampton will wipe the floor with  west ham on Sunday. So disheartened
fairly sad,@Fly_Norwegian quite simply the #worst #airline #worstairline I've ever used! #shocking #appauling #dire #dismal #beyondajoke #useless
fairly sad,Hate knowing I have to get up at half 5 for gym in the morning it's so depressing
fairly sad,@DeltaAssist Tried 2 get earlier flt 2day  @BWI Turnd away bcuz it was 2 late Then agent let other pas on #silvereliteleftbehind #unhappy
fairly sad,Love all the ex United managers on Twitter who form our fanbase. Honestly I despair at times. Just back the fucking team eh #MUFC
fairly sad,Can we go back 2 weeks and start again ?? This is seriously dreadful
fairly sad,I'm honestly upset that they rewarded Nicole 500k. #depressing #paulwasrobbed #rewardhardwork #bitterjury #bb18
fairly sad,I haven't watched my favorite youtubers in months and it's honestly made my depression so much worse
fairly sad,|@midnight #EndTrumpweek please, it's #depressing me.|
fairly sad,@MHChat I think sadness is felt very strongly physically and mentally.  It feels like it takes over and it's hard to focus at work #MHChat
fairly sad,@gagasklaine it's old sadly
fairly sad,@TDYLN sadly not :(
fairly sad,|#Terencecutcher #Tulsa the man onthe helicopter said he looks like a bad dude, that is the problem, when they see black they see bad, #sad|
fairly sad,@KatHeartwell some don't see the difference between courting and appealing to a women vs deception &amp; pressure it's depressing
fairly sad,It's way too hard not to get discouraged.
fairly sad,as a very depressed and suicidal person seeing someone sing about their own depressing life yet having fun is very relatable and encouraging
fairly sad,I've returned from the dead with a desire to clean the apartment and eat something that isn't garbage. #managing #depression
fairly sad,@WestHamUtd poor service tonight to find season ticket holders in the seats we purchased online. Forced to move further away #unhappy
fairly sad,Even a pencilâœ never #stayed  with me until it's #end âš« ðŸ˜ž
fairly sad,so gutted i dropped one of my earrings down the sink at school
fairly sad,Having holiday blues! #WantToGoBackToMinehead.
fairly sad,I'd rather die alone then end up with somebody who can't be sober
fairly sad,I don't think it's fully sunk in that Val is gone yet
fairly sad,Hate being sober so I popped two
fairly sad,|It's pretty clear I can't stand @HillaryClinton, no tolerance for habitual liars. Not a Trump fan either so what's a citizen to do? #despair|
fairly sad,|@MoneyJay901 hard to tell in your pic. My mistake then. Either way, nothing I said initially was about race. U took it there. #sad #ignorant|
fairly sad,|@X_KIMTAEHYUNG_X \nâ€” momentarily before it disappeared, only solemnity and anxiety lacing his features. \n\n'I ran out to get you before â€”|
fairly sad,All the 'juniors' are now wearing purple at ollafest while I'm here fighting with my alarm about when I need to wake up for German #sadness
fairly sad,The fact I haven't had to wear a bra for a week and knowing I'll have to start wearing one again after tomorrow is depressing ðŸ™„ðŸ™„
fairly sad,Liam is too distant makes me mourn ðŸ˜ª
fairly sad,It's now September and we're still battling a situation that was said to be handled March of this year. @ATT this is unacceptable 
fairly sad,This weather got me fucked up. Like you either be sunny and hot or gloomy and cold. No in between.
fairly sad,@ATTCares why do I have 2 wait 48 hours to call YOU back to cancel an order I JUST placed after already spending 2 hours on the phone?! #sad
fairly sad,Life is too short so dont shoot it in with worries sadness and grief.
fairly sad,Brb going to sulk in bed until Friday
fairly sad,|@LVLMLeah Nooooooooooooooooooooo. We have stupid, dismal, lame winters where we maybe get some dangerous ice once.|
fairly sad,#RIPKara i could have seen her at a local mall or any school football games. im disheartened
fairly sad,@RossKemp great programme tonight #sad #upsetting #extremeworld
fairly sad,My friends tell me I'm pretty. Trigger tells my I'm ugly. I first was confused but then realised I'm both. Pretty ugly. #tru #sad #tumblr
fairly sad,|But when my mom told me yesterday that it was looking grim and I started driving out there, I was told to turn around b/c she was too sick|
fairly sad,Isn't the whole 'it's been hijacked' argument the same argument used to ban or discourage the display of the St George's Cross? Shame @LBC
fairly sad,I don't want the pity of my instructors but I'd like some understanding. I'm truly trying despite ALL circumstances that make me discouraged
fairly sad,@MHChat #mhchat Childhood experiences inform adult relationships. We have associative memories Not a question of ability to process #sadness
fairly sad,|If Payet goes either in Jan or @ the seasons end, can't say I blame him. The boy must b so disheartened by what he's seeing at the mo.|
fairly sad,@laureeenwillam can't cope wi her sour face and tiny pout ðŸ˜¡ðŸ˜¡
fairly sad,|There's many things I don't care about, and many things I do that I don't speak on because it's such a heaviness even when released...|
fairly sad,@knology has providing customers w/equipment that doesn't deliver speeds of internet services that they have been charging.  #scam
fairly sad,|@happyandbashful Flirt, simper, pout, repeat. Yuck.|
fairly sad,@el_tityboi bc it's a gloomy day Tony
fairly sad,@rupindxr my heart actually sunk looooool I was so confused
fairly sad,@jack_haug_lifty @eable It's Ms btw. we were lied to by Remain. dry your remainer tears; Just accept you #lost
fairly sad,i cant stop. i finished - dejected. luckily no one is in the bathroom. so i go to a stall and wait until my pants are dry.
fairly sad,I wonder what would happen if I were a father. #weary
fairly sad,@AmyMek this is so absurd I could laugh right now (if I also didn't feel like crying for the future of our country). #despair #wakeupcall
fairly sad,@MxJackMonroe I couldn't get on with it either. Bits started drooping that shouldn't droop. GP said mooncup alone to blame.
fairly sad,@TaylaStJames it happens and Vegas isn't the only origin thats prevelant #sadly
fairly sad,I'll just have to #eat my way to #sobriety. This'll be a hell of a journey back to #sober
fairly sad,When you have 15 doe run the opposite side of you ðŸ™ 
fairly sad,|@Theshadeshit91 \nOh, I'm sorry about it, do not be sad yourself there is nothing important in the world to grieve about it|
fairly sad,|Because of 'failure of delivery on time', a customer has to pay 16K rupees more! - Not good @tiagotatamotors @TataMotors #unhappy|
fairly sad,@everton_de_leon @sterushton Genuinely grim stuff. Over a century of history sold off by some porn baron twats for a minty new stadium. Urgh
fairly sad,It's sad when your man leaves work a little bit late and your worst fear is 'Oh no!! Did he get stopped by the police?!?! '  #ourworld
fairly sad,|@CCTakato at least in crystal every part of it is portrayed as being WRONG, the dark atmosphere, the fact that mamoru is brainwashed|
fairly sad,|Way too cool to die young, way too young to die sober.. #tunechi|
fairly sad,@RevTrevK @Wolfman93011 @Daraidernation @EROCKhd Take 2k out of it the numbers on madden are low and have dropped and people are unhappy
fairly sad,I have no clue where my charger is... #lost
fairly sad,@JohnRMoffitt This is the most grim piece of laughter I was stricken with all day.
fairly sad,Some moving clips on youtube tonight of the vigil held at Tulsa Metropolitan Baptist church for #TerenceCruther #justice #anger #sadness
fairly sad,|Having a nail half hanging off is absolutely fucking grim, even with my acrylic holding it on ðŸ˜·ðŸ˜·|
fairly sad,Lost: Geelong football team. \nLast seen entering through the banner not sure where they've been since... #unhappy #playwithsomeheart
fairly sad,@deshbhakthoon always unhappy and easily offended.
fairly sad,What a sad day...1st day of Fall...I don't dislike Fall...I just LOVE Summer #FirstDayofFall #goodbyesummer #sadness #bathingsuitsforever
fairly sad,@tgshepherdvan I'm not there yet. Hasn't sunk in yet. Rest up.
fairly sad,Awareness of time is awareness of time lost. #awareness #time #lost
fairly sad,@ImpugnValkyrie *I frown and cup your cheeks in my hands after you step aside.* Angela I care about you. And I don't know how else I can -
fairly sad,Gonna be a loooooong year as a Browns fan. Longer than normal and that's #sad
fairly sad,@TalesofanAlfa @David_Milloy \nI like your thinking...but sadly no - that's the shed ðŸ˜¢
fairly sad,|When the sadness leaves you broken in your bed, I will hold you in the depths of your despair, and it's all in the name of love ðŸŽ¶|
fairly sad,Theyve substituted the hood for a badge and gun.' Public opinion is indictment of Charlotte police. #dark #sadtimes #america #race
fairly sad,@MCFCDenver doing the exact same minus the beer sadly
fairly sad,i miss the guy who always make me sulk
fairly sad,Let us not burden our remembrances with a heaviness that's gone.\n- William Shakespeare (1564-1616)\n#forge ahead.
fairly sad,Cause fail or pass I refuse to be sober
fairly sad,@eehbahmum WHY?! Did they want to make you plummet in to the depths of despair??
fairly sad,@NewYorker @donlemon Trump presidency-a dark age for the USA and the world. He would most definitely take us to war. Short &amp; Long term pain
fairly sad,So unbelievably discouraged with music as of late. Incredibly behind on Completing my album. Not digging this at all.
fairly sad,Hennessey - dreadful. Mutch - is he even on the pitch? Fryers - out of his depth unfortunately. #CPFC
fairly sad,if you're unhappy with someone just fucking tell them you're unhappy and leave. Don't go fuckin around with other people on the side
fairly sad,|conflicting reports on mama #RitaMarley health,mannn and i woke up today feeling like mi ole self(rejoice!!)now dis #sadness|
fairly sad,How can you blame the manager watching these players play? It's abysmal. Our team are dreadful. If Jose can't save us. No-one can.  #mufc
fairly sad,The Sorrow is grim reminder of how bad I can be at video games and how I could get a bit too trigger happy at times. RIP #MGS3
fairly sad,|Im kind of confused.  The one thing i do right now has a great future, but on the other hand so does the new thing . #lost #needhelp|
fairly sad,@V_of_Europe @ckolacia MSM relentlessly saying DT can't win to: depress GOP turnout &amp; provide cover 4 stolen election!
fairly sad,The voice is all about Miley and Alicia this year. No longer about the contestants. #sad @thevoice
fairly sad,@chocorobos I have this one so I'm not so sad.. but wtf
fairly sad,Right i may be an #sufc fan and the football maybe shit but marcos rojo for #mufc has had a shocking start he's just dreadful
fairly sad,|I get discouraged because I try for 5 fucking years a contact with Lady Gaga but are thousands of tweets, how she would see my tweet? :(|
fairly sad,|@big_SL8 Show some respect, that's all...  If u havent go to war u cant say anything.. U havent lost friends and mates on war, so Ahut it!!|
fairly sad,|Had to give up on The Blue Guitar, couldn't stand main character. Sort of skim-read to the end which got grim and unsettling . . . 1/2|
fairly sad,First a coat. Now a pair of sunglasses. Next it'll be a limb. #lost
fairly sad,Some of these people at this protest are just there for the adrenaline rush. #depressing
fairly sad,whenever i pout i just want Adrian to appear and tell me to stop pouting or else
fairly sad,And there is despair underneath each and every action \nEach and every attempt to pierce the armour of numbness ' -Mgla
fairly sad,|Please bear with me, I'm not Twitter savvyðŸ˜ in real life I'm a Facebook person. Help me gain followers ðŸ¤“#blog #selfhelp #depression|
fairly sad,she's always so insensitive whenever i grieve idgi
fairly sad,@stevesingiser @POLITICO_Steve Put a damper on my mood.
fairly sad,We lost
fairly sad,@FantasyGuruSite I knew you were going to do that. I would definitely buy if I didn't live in Texas where you can't play DFS. ... so depress
fairly sad,Romero is fucking dreadful like seriously my 11 month old is better than him.
fairly sad,|One step forward, two steps backward, the link to RogerFedererShop doesnÂ´t work.ðŸ˜° I am losing hope about Roger Federer new Website #sadness|
fairly sad,My friends tell me I'm pretty. Trigger tells my I'm ugly. I first was confused but then realised I'm both. Pretty ugly. #tru  #tumblr
fairly sad,|From what I know of the man, I have to assume that @realDonaldTrump has had a heated argument with his own penis. #sad|
fairly sad,@DoubleEph sadly his best days are behind him
fairly sad,|@groovydadad @MHChat ðŸ™‚ty I often conflate the two depression + sadness, but they are very different. This q reminded me of that #mhchat|
fairly sad,Don't let the behavior of others destroy ur inner peace.' -Dalai Lama @OWNTV #healing #depression #anxiety #intuition #meditation #book
fairly sad,@AerLingus #business class #Los Angeles to Dublin #destroyed luggage #60 day customer response time #unhappy customer
fairly sad,@JlKelly1 @FJ_Berry I've got #teampaella presents on their way for you and Fi but I don't think they'll arrive by Saturday sadly!! ;)
fairly sad,|stg I been in pine bluff all morning and to piss me off even more, my damn shoes came in as a size 4!!!!!! I KNOW I SAID 6ðŸ™„ðŸ™„ðŸ™„ðŸ™„ FML|
fairly sad,@Ashleyavitia_ don't leave me 
fairly sad,|@PaulJonMilne too grim, too insanely, determined to hurt you from|
fairly sad,|@comicfire The thing is, it's either I be unproductive and unhappy, or deal with some videos that do badly.|
fairly sad,@keyshamackie it's fucking dreadful for live footy matches
fairly sad,|Eating an egg is grim, you are eating the material embodiment of a fart and an unborn chick|
fairly sad,you never call me when your sober
fairly sad,come on let's make em hate ðŸ˜˜make em pout they face ðŸ‘¿ðŸ˜©.
fairly sad,@Jacqueline_69 haha! She did well today. I can't get beyond her pout annoying me I'm afraid.
fairly sad,Hope was an instinct only the reasoning human mind could kill. An animal never knew despair.
fairly sad,Patti seems so sad. She stamped and ran behind the sofa. We will have to give her plenty of love and affection...more than usual. 
fairly sad,Dylon felt dejected. He has a dejected aunt!
fairly sad,|Two blankets, a hoody, and still no Eternal Sunshine to mope to.|
fairly sad,Once I have sent a pitch to a brand I close all tabs relevant to them instantly. Thats the kind of detachment I create for myself. #serious
fairly sad,Nature looks a lot greener on gloomy dayz
fairly sad,@JamesWickham Congratulations!  My top home-owning tip: try not to look at your mortgage balance too often.  The slowness will depress you.
fairly sad,The new lock sound is grim
fairly sad,Nothings #Working-you're feeling your life's on The Edge_Could go either way #lost all reason for #Living-JesusChristHealsSavesASK #fatloss
fairly sad,@khloe_speaks sad music
fairly sad,Think Val might be going this week. I'll have to take the rest of the week off work to mourn. I'm sure they'll understand. #GBBO
fairly sad,|3 weeks into the course and have had the kitchen sink thrown at me, I m still pulling knives and forks out of my ears|
fairly sad,Gaaaaaaaad! Should have stayed in London!
fairly sad,|@marksandspencer Where has your 50% grapefruit squash gone,not been able to get for weeks #unhappy|
fairly sad,I mourn the creativity lost.
fairly sad,|@Jinath_Hyder I can't have alcohol on it, sadly, but it only flares up under very specific circumstances so I just need to be more careful|
fairly sad,Add Donte Moncrief to my dismal situation #blessed.
fairly sad,Shoutout to the drunk man on the bus who pissed in a bottle and on the seats #grim
fairly sad,U know u have too much on ur mind when u find yourself cleaning a stove and kitchen by yourself  at almost 3am...  #pensive
fairly sad,@TxDMV @ArkansasBBB i filled out the report on #baitswitch by @Carvana lets go get them fines levied. #badbusiness #honoryourdeal #unhappy
fairly sad,Itching something #serious RN haven't slept but considering taking like 6 Benadryl for a 20 min nap I am itching SO BADLY wow
fairly sad,@TVsCarlKinsella They're such garbage. Obviously I like that they suck but it's still grim to watch.
fairly sad,|For a team as big as Bayern and the they like to play football, their pitch is fucking dreadful. Certainly no Emirates pitch anyway.|
fairly sad,Angry shouting match between a #pessimist &amp; an #optimist:\n'You're a half empty-headed @%$!' \n'You're half full of @%$!'
fairly sad,*Still waits for Yang. Guess she really needs her sleep or something. Kittens feeling kinda dejected right now.* #Offline
fairly sad,|@OnesOwnGrief Just a shame his world was gloom from day one almost.Though it makes sense he'd have the whole part hydra,part s.h.i.e.l.d(c)|
fairly sad,How do u grieve someone who legally wasn't a person yet?
fairly sad,It's so gloomy outside. I wish it was as cold as it looked
fairly sad,@British_Airways #lost #bag #stillwaiting go home in2days. DM'd you my info and have rung 9times a day. What more can I do? #wheresmybag
fairly sad,|When you saw a t-shirt with the phrase 'My mind is a dangerous place to be' and you would like to buy, but in Italy don't sell it. #sadness|
fairly sad,My nephew sees that i have a frown on my face and he tells me 'you're  beautiful '!ðŸ˜¢ðŸ’žðŸ˜©
fairly sad,Trying to take what's lost and broken and make it right
fairly sad,@LondonMidland #dobetter only two carriages on 14:49 Birmingham to Hereford no room to stand anymore Friday commute #unhappy
fairly sad,It's become a verb. 'I'm gonna VillaseÃ±or all those old contacts I don't need anymore.' #sadness @melissavcomedy #waitingforexplanation
fairly sad,@HillaryClinton @TheDemocrats It's ok 2 be disgusted or dishearten with presidential race but don't let that stop u from voting IT MATTERS
fairly sad,5am blues while riding a cab home:\n- my belly is much bigger than the rest of my body\n- but i couldnt be preggy\n- how to lose it in a day
fairly sad,Ill say it again. If I was a Black man Id be afraid to leave my house or have a moving violation.\n\n #TerranceCrutcher #truth 
fairly sad,|@narcissusheiyan  maybe it'd have been different if I stayed for sixth form? But still, the oppressive architecture, uninteresting people|
fairly sad,@WYSdaily I'm confident they will NEVER experience our successes of last 50yrs. Best they can hope for is to be another Bournemouth #sad
fairly sad,|What's good is that we already hit rock bottom, even though I'm about two more seasons away from new depths of despair. #playoffs? #NJDevils|
fairly sad,|Absolutely can not believe the generosity pouring out for us, but Id give everything I have for Nick to be healthy and happy. #lost|
fairly sad,i got his bitch depress
fairly sad,@Groupon_UK who do I contact about a shocking experience with Clear Sky Holidays booked through you guys?? #customerservicefail #dreadful
fairly sad,|@cotsonika @NHL well, they should all be unhappy for the way they played.  Right @fmjacob ??|
fairly sad,|@simslover163 I guess it must be really expensive... For me it's that the whole family stayed in Poland, so I really miss them...|
fairly sad,Regret for the things we did can be tempered by time; it is regret for the things we did not do that is inconsolable.  Sydney J. Harris
fairly sad,untypical kinda Friday #dull
fairly sad,|My oldest cat pisses me off. She's always been weary of Kennen (senile kinda), but recently shes been sweet. Until she attacked and bit him.|
fairly sad,@WestermannNina xDD it's a song that can not be weary (?)
fairly sad,Feels grim not having your nails done
fairly sad,|How could such a crooked,stuck up,delusional,dim&amp; #dark hearted dud be surprised losing&amp;prob also ppl won't let their crimes drop! #nwo imo|
fairly sad,That AK47 leave your spine with a frown
fairly sad,a good shorty has so much to offer &amp; it's sad that some of you niggas don't even see it when she right in front of your face and too late
fairly sad,@theJeremyVine Noel Edmonds reckons a cat he's talking to is stressed because of the uncertainty over #GBBO future!?!? #plot #lost
fairly sad,One way ticket to the blues.
fairly sad,@SWP_Roads   How dull.
fairly sad,|@thehill George H. Establishment is unhappy Trump's campaign branded his son low-energy, but he could not have beaten the others either.|
fairly sad,Marcus Roho is dreadful
fairly sad,|Im kind of confused.  The one thing i do right now has a great future, but on the other hand so does the new thing .  #needhelp|
fairly sad,Finished writing my second book tonight. #somber #sad #youpromised #havemercy #author #writer #needpublisher #beingedited #workingonsidebook
fairly sad,@ArcadianLuthier -- taking out his feelings on Kei unfairly. His lips form a frown as he tries to walk away.
fairly sad,@DeltaAssist Tried 2 get earlier flt 2day  @BWI Turnd away bcuz it was 2 late Then agent let other pas on #silvereliteleftbehind 
fairly sad,Thank God she warned me before I walked to that sink cause lord knows I would've been sick to my stomach and would've wanted to sue lbvfs
fairly sad,So now... yeah. I'm home again.\nStill feeling mixed up inside &amp; kinda gloomy. But a little more optimistic that I'll figure this out.
fairly sad,penny dreadful just cleaved off a fraction of my heart
fairly sad,|@fitzstockcharts Gundlach calling for rounding top, doom and gloom, 15% down move|
fairly sad,|Everything is far away because time is short, no rest for the weary.|
fairly sad,@chelseafc let them know it's the #blues
fairly sad,We want to help you with your #depression. Give our office a call to learn how #TMS may be the treatment you've been waiting for!
fairly sad,|@AliceGoodman17 i dunno, I'm getting less of the spacious lovely autumnal melancholy from our present apocalypse|
fairly sad,Got paid to vacuum up rat poop. (-: never a dull day in the biology department ...
fairly sad,|#Terencecutcher #Tulsa the man onthe helicopter said he looks like a bad dude, that is the problem, when they see black they see bad, |
fairly sad,@pandaflo22 We are sadden by this because we always strive to bring the best service to our customer. We will always be here for you. CM
fairly sad,Someone needs to tell Candice she'll be stuck with that shitty pout if the wind changes. #GBBO
fairly sad,When health insurance won't cover TMS but they let me know they cover ECT #mentalhealth #psychology  #TMS #ECT
fairly sad,@PurpleReplisol meden is frowning at you with her non existent face
fairly sad,@realDonaldTrump negative campaign of doom and gloom don't win elections
fairly sad,|if you have been on depression too u shouldn't be judging him and exposing him to everyone, but helping him|
fairly sad,@mattwruff sadly there is constitutional RIGHT to have abortion. Yet there is constitutional RIGHT to life. Safety net protects those rights
fairly sad,@HeyCaraJay I am inconsolable at this GIF in context
fairly sad,|@StarklyDark 'Come here. Come on. Into my arms. I'm not going anywhere, Tony, I swear.' Steve told him, quiet and solemn.|
fairly sad,Lisa: Getting what you want all the time will ultimately leave you unfulfilled and joyless.
fairly sad,@harowe this sad truth!
fairly sad,@questlove when are people going to realize that these 'riots' are just perpetuating hate. Saying you're going to boycott a city!?! #lost
fairly sad,Don't wanna go to work but I want the money 
fairly sad,@ManUtd Rooney needs to come off! Absolutely dreadful! ðŸ™ˆðŸ™ˆðŸ™ˆ class goal from @carras16 @carras16 showing why he should be in the team!!
fairly sad,Y'all tune into Snapchat for Beans funereal
fairly sad,|At my funeral, when they close the casket, I want them to play, 'Call recording has completed.'' -@GlenEwing #lost #podcasting #talkshoe|
fairly sad,@RyhenMessedUp goodbye despair
fairly sad,Ffs dreadful defending
fairly sad,@raylewis name change Uncle Remus Lewis #foh #theydontlikeyoueither #lost #unwoke
fairly sad,|the waitress recognised me from last time i was in there moping, after my interview haha|
fairly sad,What day is it #lost
fairly sad,Has anyone noticed that @npr stories in recent days all paint positive accomplishments for Trump and challenges for Hillary? #surprised #sad
fairly sad,|@ChibiReviews Post series depression can be quite bad, but it will get better, I bet someone will pick the novel soon in the west.|
fairly sad,@iTriborg â€” make him feel vigorous. 'Fine. You can kill me now.' Said Hestia with a display of only despair rather than her joyful â€”
fairly sad,|236:416 While she was in her dull and sleeping hour,\nA crew of patches, rude mechanicals,\n#AMNDBots|
fairly sad,|The 2nd step to beating #anxiety or #depression is realising that it's not about waiting for ...., Take action yourself now.|
fairly sad,@SimonSSSJ123 @EllieG10853 @Onision @Eugenia_Cooney he sure as hell helped me with my depression and still does
fairly sad,@jccrocker #CharlotteProtest do u #wait 4 the facts #video or do u #hate now ask questions later  #protest #PoliceShootings #suggestions
fairly sad,|@Nataliem55 sadly, war has often been the factor that jump starts US economic growth|
fairly sad,@GrimsToyShow grim what the fuck going on with these dame fucking clowns takeing the gameing channel if I had a way to nj I would delete
fairly sad,|Leeds surely to drop the prices for that cup tie, rather than the dismal attendance last night..|
fairly sad,@greencapt there's something to note in the fact that the mask manufacturer produced her smiling and him frowning.
fairly sad,The word happiness would lose its meaning if it were not balanced by sadness.
fairly sad,@TouchPH  The solution is to punish the criminals. That's the only way to discourage crime. or the circle will continue.
fairly sad,@KristenWACamera I really enjoyed both episodes. I had a bit of a gloomy day today but I feel a sense of inspiration from listening.
fairly sad,|1Pet 4:7  But the end of all things is at hand: be ye therefore #sober, and #watch unto prayer|
fairly sad,|@aidanparr haha!! No, sorry was it too grim even for you?! It disturbed me &amp; im starting to lose all trust in Twitter generally!!|
fairly sad,|Literally had a guy (a some-would-say-successful guy) tell me 'this ship will sail' kay guy, first, you're working with a sub, last, it sunk|
fairly sad,@RaveenElexiis I fought a racist girl and she stayed in GAVC so if you get kicked out I call BS
fairly sad,How brave are the young individuals that have opened up to us about their #depression and #anxiety to help raise awareness!! @beyondblue
fairly sad,Just rough situations all around for Schalke and Werder Bremen to start the campaign. Bremen dashed late with a new manager. Both with 0.
fairly sad,|Don't blame yourself,' he spoke, as if she were in the room, kicking the chair beneath him.\n#amwriting #dark|
fairly sad,|@ActualFlatticus @veggie64_leslie @mtracey Call me a pessimist, but I don't think therapy can fix whatever is wrong with Anthony Weiner.|
fairly sad,November #canola lost $5.50 to $464.20 per tonne.
fairly sad,|@ticcikasie1 With a frown, she let's out a distraught 'Gardevoir' saying that she wishes she had a trainer|
fairly sad,Brad Pitt being investigated for child abuse?! this all just got really #dark
fairly sad,Bare videos online but does anyone get rehabilitated? Does anyone actually get help for their affliction? Or do we jut get twitter videos.
fairly sad,Always do sober what you said you'd do drunk. That will teach you to keep your mouth shut. \nâ€• Ernest Hemingway #quote
fairly sad,|[My teeth were sunk down into the vein of the poor woman who had 'accidentally' had a small problem with her engine, just outside of --|
fairly sad,@lebara - worst possible decision I could have made when arriving in the UK. Shocking service. Poor coverage. 
fairly sad,lost my 244 day snapchat streak i'm done
fairly sad,@ReserveHinata tend to them he's going to get infections. \n\nHe's frowning and looking down as he does this. \nIt must hurt damn.]
fairly sad,@EmotionalLimine you're sadly mistaken if you think I'd make a tweet for an isolated comment by a random twitter user.
fairly sad,@ATTCares why do I have 2 wait 48 hours to call YOU back to cancel an order I JUST placed after already spending 2 hours on the phone?! 
fairly sad,i stopped watching gotham cause they dropped off tabitha and barb's relationship and made her pine after the main
fairly sad,|@_JuliaSteiner : I liked that she was not moping around in all of the episode. She had a moment of emotional weakness, felt sorry about -|
fairly sad,@WYSdaily I'm confident they will NEVER experience our successes of last 50yrs. Best they can hope for is to be another Bournemouth 
fairly sad,Never leave me alone with my credit card. Nope nope mope.
fairly sad,@SandraTXAS @6bird4 @CajunKangaroo @justanavywife please. Or you could be clouded by your passion. Emotion leads you from the truth.
fairly sad,The horrible puns for the day have been made. I shall return to my cage in a dark corner by myself while crying &amp; laughing hysterical now.
fairly sad,|My house isnt always a mess but when it is, its when i have friends coming #mess #serious #twitter #problem #like #friends #filthy #home|
fairly sad,â€œWe can easily #forgive a #child who is #afraid of the #dark; the real #tragedy of #life is when #men are #afraid of the #light.â€â€“Plato
fairly sad,|@DxfyingGrxvity - that were rather forlorn, scanning the witches house before resting back on Elphie. 'The Grimmerie is gone.'|
fairly sad,@FacMagnaAmerica  #CureForInsomnia And the left said WE were all doom &amp; gloom. The Trump Train is so much more fun!
fairly sad,History repeating itself..GAA is our culture how dare anyone think it's ok to discourage any Irish person from attending any match or final
fairly sad,Mayor visits downtrodden part o town in brave PR stunt. More at eleven.
fairly sad,went to Pet Supplies Plus tonight but @neitzkeamara was not working I feel #lost and #confused
fairly sad,@mik61scot @longshankseddie @ROSAZAMBONINI @YouTube I thought it was because she once sunk her teeth into something that's meant 2b sooked
fairly sad,@VivYau is it all doom and gloom? I only want to hear lovely things about airbnb!
fairly sad,|@ynnsanity Maybe that's why, we're asked to study hard and get a job that we like. That way it wouldn't be that dreadful.|
fairly sad,|@Cpt_SRogers_\n'Well it can go one of two ways. You either get over it and accept it, because it's not going to change, or you mope about --|
fairly sad,@CarrieLynne2323 totally get it. When you've said no to donuts 13 times one week and lost 0.3 lbs you get discouraged! But it's not linear ðŸ˜˜
fairly sad,You don't know how to love me when you're sober #sober #selenagomez #revival
fairly sad,@SkyNews err I wasnt gloomy.  17.2 mio people were not gloomy only #remain were #Brexit
fairly sad,|@coalese ðŸ˜‚ðŸ˜‚ðŸ˜‚. Sure half these stars get together,break up,have affairs,let porn vids slip out,fight,ect etc all to up there ratings. #sad ðŸ˜‚|
fairly sad,Im so serious about putting words in my mouth bitch don't add ' the ' to my sentence if I didn't say that shit on bloods
fairly sad,@theflabar It's a #foggy and #dark morning here - so #filter this time.  For #lighting purposes. :)
fairly sad,What do you do?'\n'You are not worthy enough to know.' #what #serious
fairly sad,|If a friend lost his/her phone, how long do they have to mourn their lost phones before you ask for their earpiece?|
fairly sad,|@LucidBurrito Doesnt do it to anyone else, he literally pulled me into the office cause someone complained I spit in the sink yesterday|
fairly sad,Why doesn't anybody I know watch penny dreadful? â˜¹ï¸ï¸
fairly sad,Am a very old person I can't handle some stuff....lol I just left her there.... Get back to me when you're sober
fairly sad,@BTS_twt people have so much negativity filled inside them but im always happy that in such a gloomy world someone like u exists Namjoon
fairly sad,. @UNFCCC @uncclearn The problem is the time it has taken to do this means its going to be out of date already. #sadly
fairly sad,|Trying to think positive, and not let this situation discourage me âœ¨âœ¨âœ¨âœ¨âœ¨âœ¨âœ¨âœ¨âœ¨âœ¨âœ¨âœ¨âœ¨âœ¨âœ¨âœ¨âœ¨âœ¨âœ¨âœ¨âœ¨âœ¨âœ¨âœ¨âœ¨âœ¨âœ¨âœ¨âœ¨âœ¨âœ¨âœ¨âœ¨âœ¨âœ¨âœ¨âœ¨âœ¨âœ¨âœ¨âœ¨âœ¨âœ¨âœ¨âœ¨âœ¨âœ¨âœ¨âœ¨âœ¨âœ¨âœ¨âœ¨âœ¨âœ¨âœ¨âœ¨âœ¨âœ¨âœ¨âœ¨âœ¨âœ¨âœ¨âœ¨âœ¨âœ¨âœ¨âœ¨âœ¨âœ¨âœ¨âœ¨|
fairly sad,Candice on great british bake off with that pout does my head in ðŸ‘ŠðŸ»ðŸ™„
fairly sad,@BBCSport too dull for the UK.
fairly sad,@LazyBoiSam blues... blues? ðŸ¤”
fairly sad,Sometimes I think the British political landscape is desolate and then I look over at the foaming wasteland of the US and think we're OK
fairly sad,|@kikibug13 Don't look. You'll only be very, very unhappy. \n\n(NNGH. I got the email notif THANK YOU.)|
fairly sad,Positive thoughts on these gloom cloudy days
fairly sad,When you're on a train as its pitch black outside and you have no idea where you are... #travel #whereami #lost #adventure
fairly sad,|@Ren102e906 Just do what you can, don't get discouraged, maybe some prayers for divine intervention to help you would help :)|
fairly sad,|@Janet_Reid Wonderful post! Novelists shouldn't be discouraged by rejection, but they usually are because their work is so personal.|
fairly sad,Cheap pout my brodcast
fairly sad,|So I tried to give her time to sober up, while waiting at the our friend's house. 2 hours later, gal wake up out her nap to vomit again.|
fairly sad,@alisontis otherwise you're committing a crime against your soul only sober ppl know what is good or bad for themselves
fairly sad,@rickygervais my first time in Slough so checked out the new station floor #sad #LifeOnTheRoad
fairly sad,|Niggas murking in each other. In murky water, I try to swim.|
fairly sad,@talkRobyn oh dear I have to watch this the woman with the pout did well
fairly sad,As I lost my heart to you there in the dark.. Underneath the stars ðŸŽ§
fairly sad,It's dark
fairly sad,$FOGO max pessimism here and no bottom (yet).  Has a solid PE ratio for a restaurant.  Let's catch it at 8 level or 10 level if it comes.
fairly sad,@ThatWhiteSoxFan @tbtrill not as sad as the White Sox playing record ;)
fairly sad,@BeeTuppy We're sorry to hear about the issues and how this is making you feel. We don't like to hear our customers being unhappy :-( We
fairly sad,and naoto nod she also like tha bands. but she also frown. 'Will the bands 'Papa Roach' be at concert...?'
fairly sad,@delhi_lawyer @BhagwanUvach @ShivAroor sad . This is not film story. Who knows could be ploy to escalate tension. Unverified report no hype
fairly sad,@Samkingftw nahh thats grim
fairly sad,|It's my last week at CN! I'm gonna be sad to leave, but this will also be my first planned break since going into animation!|
fairly sad,|@AdamAaronovich Well, there's no need to sulk. You can always request a song, you know.|
fairly sad,|@BonesARP 'That is a disappointment.'\n\nHe fakes a pout, then starts to chuckle.|
fairly sad,Shoutout to the drunk man on the bus who pissed in a bottle and on the seats 
fairly sad,|LORD MAKE ME AN INSTRUMENT OF YOUR PEACE â€” Where there's hate, let me sow love â€” Where there's injury, pardon â€” Where there's despair, hope|
fairly sad,|@VileBairn Turning then, the older woman looked at Sybil with a most somber expression. \n\nâ€œShe ran away from me. But I cannot blame her.â€|
fairly sad,An hour played and @ASFCofficial have conceded less at West ham than @ManUtd have at northampton.  Let that sink in.
fairly sad,some people leave toilets in fucking grim states
fairly sad,@jeremycorbyn @magstogether my god is @jeremycorbyn a full shilling? Seriously you need a major rethink or no lab gove in your lifetime 
fairly sad,NL's top bureaucrat is a director of a group formed to oppose NL's top megaproject. #nlpoli - never dull
fairly sad,@jwonder81 @MacadamionNut well of course.Progress for the sake of progress must be discouraged. The problem is the substance of the rhetoric
fairly sad,Already plotting next steps if I get cut off by the same minivan in tomorrow's drop-off line. #preschoolpolitics #momthings #serious
fairly sad,The Sunderland time line is quite funny with all the doom &amp; gloom in facing us and the long trip to us midweek. #whatgoesaroundcomesaround
fairly sad,|@Gsmsbooksrus @goodreads 'so shines a good deed in a weary world' Roald Dahl, Charlie and the Chocolate Factory|
fairly sad,|Like keep grinding boy your life can change in one year, and even when it's dark out the sun is shining somewhere...'|
fairly sad,|@EllenMellon_88 Got #mybrokenfoot running Great North Run, can't wait to run again in a few months time - be mostly dark then! #ukrunchat|
fairly sad,Awareness of time is awareness of time lost. #awareness #time 
fairly sad,the ending of how I met your mother is dreadful
fairly sad,|@JoyceCarolOates \nBreath. You are trending despondent. Mrs Clinton will win. If you keep your gloves on, guard up, and punch like hell.|
fairly sad,@A_RockasThe U.S. has added years to the Syrian conflict by arming the 'rebel' army. You would think that Iraq had sunk in with Kerry.
fairly sad,|When we are weak &amp; in despair, our Mighty God is near;He will give us strength &amp; joy &amp; hope, &amp; calm our inner fear, just have faith &amp; trust.|
fairly sad,Been working in Blanchardstown shopping centre for over 2 years now and I only figured out today where Marks &amp; Spencer's is #lost
fairly sad,#vinb I'm alot more interested in hearing bout differences between parties political ideologies. Parties murky origins r irrefutable #vinb
fairly sad,Higginbotham's flippant dismissal of any worries around Carrick's lack of pace is dismal. Against nimble midfielders Carrick will be exposed
fairly sad,Flight 815 crashed on The Lost Island 2004 #lost @JoshuaJThurston
fairly sad,@littlebakaa @AlcohoIPorn give me a smiling emoticon will ya? i dont like the idea of you frowning &gt;.&lt;
fairly sad,|The man who is a pessimist before 48 knows too much; if he is an optimist after it, he knows too little.'\n-Mark Twain|
fairly sad,@DaltonRapattoni sadly i have to go to bed now don't announce anything while i'm gone thank u i love you
fairly sad,@MSNBC @fox @cnn @realDonaldTrump @HillaryClinton. Using fear to state his views. Not getting the facts before making a serious statement???
fairly sad,Marcos rojo plays for man united !!  Just let that sink in !!!
fairly sad,|Sometimes people leave you halfway through the wood. Do not let it grieve you, no one leaves for good. #youarenotalone #nooneisalone|
fairly sad,i lost my wallet lol.... again....
fairly sad,|What's a Kali's kitten? [She asked, a frown curling on her fair skinned forehead as he showed her the scar] A cat did - (@ScarredTiger)|
fairly sad,@ksmitely @CitizenMeh I feel strongly that we need to work together to right this dreadful wrong.
fairly sad,@raylewis name change Uncle Remus Lewis #foh #theydontlikeyoueither  #unwoke
fairly sad,Sister: (Canadian player does something shady.) Jonathan Toews is frowning and he doesn't know why. #WorldCupOfHockey
fairly sad,Candice's pout gets more preposterous by the week. This week it's gone a bit Jack Nicholson's Joker. #GBBO
fairly sad,@MHChat #mhchat Childhood experiences inform adult relationships. We have associative memories Not a question of ability to process 
fairly sad,@TehShockwave turn that grumpy frown upside-down\n\nYou did something next to impossible today
fairly sad,I have serious problems with the expectation that private philanthropy should replace functional government services...this is dangerous
fairly sad,@LidlUK Just bought a pack of two medallion beef steaks. Got home. Cooked them. One steak is 100% pork. I had one unhappy mother. ðŸ®ðŸ·
fairly sad,|Hopefully next time we play a L1 team, 1 of the players scores, takes his shirt off &amp;jumps into away end purely to wind up the joyless cunts|
fairly sad,Life's too short to be frowning for so long
fairly sad,A Leopard never changes its spots! #lost
fairly sad,In need of a serious nap rn
fairly sad,|Sky news still pushing the Brexit gloom line, managing to ignore the fact it's simply not happening. 'But in the future.....'|
fairly sad,@DrSRSheikh: And who asked you to gate crash with your dumb idiosyncrasies when sober people are analyzing a situation!\n@BanoBee @AK_Forty7
fairly sad,|A pessimist is someone who, when opportunity knocks, complains about the noise.|
fairly sad,@lee_family5 @USAneedsTRUMP @HillaryClinton @realDonaldTrump You can't be serious. This man practices no religion. Only in church campaignin
fairly sad,|@JohnWildy71 something, too confused to type an entire word ðŸ˜œ See, I can laugh again. My hour of sadness has almost passed|
fairly sad,@jenhasonen it is supposed to be #dark and #gritty though
fairly sad,|This pretentious dick in Night Gallery just fucking, used a towel to dry off his sink|
fairly sad,|That's me for the evening, though! Way too lit to finish these off properly without causing some serious mischief.|
fairly sad,|Interview preparation, I hate talking about myself, one dull subject matter! #yawnoff|
fairly sad,@duncantrussell does Remo Williams ever actually 'save' anyone or does he just sulk around killing random undesirables ?
fairly sad,@JoaquinPutoAmo vas a ir al de the amaity affliction?
fairly sad,@Fatumoriginal there's no sitcom better! If u can't laugh at Sheldon or Leonard then u are sober for real! No two ways about it
fairly sad,â€œThe immense importance of football is sometimes scary. When you donâ€™t win you are responsible for so many unhappy people.â€ - Arsene Wenger
fairly sad,|Kudos to TC for benching Bruce. He isn't helping the team, so he rides pine. We have games to win. Discussion over. #Mets|
fairly sad,|People want me to go pine ridge, little wound or Oelrichs. Starting to think about transferring but I wanna stay at cloud. Decisions man.|
fairly sad,Cam cannot be serious with that IG post and that stupid ass font he uses. Would've been better to just say nothing.
fairly sad,@VosachResrus ^'ll just #wobble carry you #sink
fairly sad,No episode today! Whilst editing there was a power outage! We will rebuild...tomorrow #podcast #lost #editing #fail #tomorrow
fairly sad,@10carley what a sulky pants!
fairly sad,Seeing something that hurt so much in the past in front of me now and not a single sign of grieve. Magicalllll.  âœ¨
fairly sad,|I'm done with your piano, blues playing, smooth talking ass. On to the nexttt|
fairly sad,were sat in my sat room cloved watchin Manchester Unide @ManUtd v Norffampton do you fink but @WayneRooney is still goal fret at iced level
fairly sad,|It is a solemn thing, and no small scandal in the Kingdom, to see Godâ€™s children starving while seated at the Fatherâ€™s table. -AW Tozer|
fairly sad,Hey @AppleSupport - how do I find my play history on new #ios10 #appleMusic #music #lost
fairly sad,Do not grow weary in doing good. The treadlines are better than deadlines.' @billclinton #CGI2016
fairly sad,Fellaini has been playing ahead of this guy...just let that sink in
fairly sad,@SatansLezzie @gehrig38 @joesmith12431 @ejamesl I think he was huffing that pine tar they use for bat gripping.
fairly sad,Gonna be a loooooong year as a Browns fan. Longer than normal and that's 
fairly sad,@RossKemp great programme tonight  #upsetting #extremeworld
fairly sad,Just told me wife there was a chance it would be 2 Sydney teams in AFL grand final. Her response: 'there's two SYDNEY AFL teams?' #serious
fairly sad,|@MoneyJay901 hard to tell in your pic. My mistake then. Either way, nothing I said initially was about race. U took it there.  #ignorant|
fairly sad,Floofel.i wonder if your mother knows how dark your humor can be.Needs to realize how much of a butt Apple is. Pastels and cats.cutie pie.
fairly sad,Damn gud #premiere #LethalWeapon...#funny and #serious
fairly sad,|@sundersays made me laugh, that quote. In a sort of rueful way.|
fairly sad,|But When it come to a serious situation, I be glad I gave it deep thought ðŸ’¯|
fairly sad,All this doom and gloom! We scored from open play again! And only conceded two this time. #progress they means a 1-1 draw on Saturday for me
fairly sad,Contactless affliction kart are the needs must regarding the psychological moment!: xbeUJGB
fairly sad,|@LBardugo Start w/ the 3 songs in Blue Neighborhood\n1) Wild\n2)Fools\n3)Talk Me down ðŸ˜­ðŸ˜­for #Wesper\nAlso,\n4)Too Good.  #serious kaz/inej feelz|
fairly sad,|the grave of a beat, a bravehearted cave lover, cage lover, sage #lover who made #soup of you, twisted to spoony #melancholy, spikes, spices|
fairly sad,|Like, 'loon attic'. Luckily it quickly sunk in that it was the wrong pronunciation, but I still couldn't stop saying it. It just stuck.|
fairly sad,|I'm onto you, @Sargon_of_Akkad, I know you secretly pine for a masculine order, objective morality, and disciplined transcendent pursuits.|
fairly sad,Some Erykah Badu to sedate me ðŸ’•
fairly sad,|@MarGraham I am practically obsessed with it, the very thought of their departure makes me feel both melancholic and grateful.  Safe journey|
fairly sad,Don't get discouraged when simple minds don't see your vision
fairly sad,#ThankYouCGI - Do not grow weary in doing good. #CGI2016
fairly sad,@jodikantor @nytimes only if YOU will pay for them and YOU will be responsible for them and their doings. #sober #real #blind
fairly sad,I'm too sober time to get shit faced
fairly sad,I don't want perfect. It's too boring and dull.
fairly sad,@LacesUntied_ yea lol catchy you fret
fairly sad,@TimewarpArcade @tenpencearcade Do you really have to pedal like a nutter to get anywhere? I remember it being more sedate.
fairly sad,|AQW should've always stayed in the 08 art style, now it's just a competition to create more detailed art each time.|
fairly sad,|Pops are joyless, soulless toys which look nearly identical.  They are the perfect expression of consumerism.  'I enjoy this franchise'|
fairly sad,|@DinoHyogi Hakyeon takes all the attention happily, perching on Wonshik's shoulder to sulk when Jaehwan accidentally caused a tiny explosion|
fairly sad,@m_giacchino will this be aired on radio or filmed? Lots of fans over the pond too! #wales #lost
fairly sad,there are #serious #chinks in #Indiaâ€™s #armour'\n#protein\n#malnutrition\n#feedingIndia\n#skillingIndia\n#cognitive #deficit\n@Abhijit_Iyer
fairly sad,|From what I know of the man, I have to assume that @realDonaldTrump has had a heated argument with his own penis. |
fairly sad,Standard Candice starting the show with a pout #startasyoumeantogoon #GBBO
fairly sad,@shopgreenwich #ldf16 what shall we do this weekend?  #spraypainting in #greenwichmarket with @SNUB23 #core246 #lilylou #fret &amp; #benoakley
fairly sad,|@MendipHillsAONB do we think the swallows and swifts have gone? Photo'd 3 nights ago, not seen since.  #Autumn|
fairly sad,@patthemanager how could I work with @chancetherapper . ? #serious
fairly sad,@marielleblaine8 @princesskeilani I told pine I didn't want it so I didn't have to have it
fairly sad,Why is it that we rejoice at a birth and grieve at a funeral? It is because we are not the person involved. â€• Mark Twain
fairly sad,Now they fret about scuffs. Iâ€™ll take scuffs (whichâ€¦come in) for a phone I can use wet handed or drop in a toilet any day.
fairly sad,So @JeffProbst those of us born in 85 have no generation! Where is the gen-less tribe! Ha! #survivor #lost soles
fairly sad,@MarianKeyes maybe he had constipation issues..? Not that I KNOW dates relieve such an affliction! No way jose!
fairly sad,Regret for the things we did can be tempered by time; it is regret for the things we did not do that is inconsolable. - Sydney J. Harris
fairly sad,Learning how to use twitter #lost
fairly sad,|@TheRandomAnt @meg_m203 yeah, they figured that ornaments are way more wanted than spektar and desolate gear. Well they thought right.|
fairly sad,Corbyn loses and I walk up to a crying Corbyn supporter and whisper\n\n'Don't mourn. Organise'\n\nAnd laugh and laugh
fairly sad,@Netflix_ME penny dreadful season 3?
fairly sad,#Always #borrow #money from a #pessimist. He won't #expect it #back.
fairly sad,|-- used as a pawn in this red woman's game] For now, try not to fret and act as if nothing is amiss. This is a royal -- @TheLadyOfGlenco|
fairly sad,|@_noTORIEty lol senior year we would get early dismal for work study ,he was her boss and you know what happened next ðŸ™ƒ|
fairly sad,In serious need of a nap
fairly sad,@rihaBabyJ Aw no problem. I just felt like speaking because I felt the same before and I want you to overcome it and not be discouraged. :)
fairly sad,@janhopis I found the first few episodes of Bojack incredibly funny. Then it got less funny but I stayed for the #drama
fairly sad,|I don't know why everyone is pretending to be sad about angelina and brad, everyone knows his dumb ass should've stayed with jennifer.|
fairly sad,@IMKristenBell @lauralittlelegs pine nut.... Chestnut....peanut....wait... Wrong film
fairly sad,|Never switched up, stayed down this the same person since day one.|
fairly sad,Do not grow weary of doing good' a lasting legacy @billclinton @ClintonGlobal #CGI2016 #thankfulmoment @ProjectThankful
fairly sad,And with rich Fumes his sullen sences cheer'd.
fairly sad,I told my chiropractor 'I'm here for a good time not a long time' when he questioned my habits and yet again I have unnerved a doctor
fairly sad,|@Courteoussoul @MattyMcDee I'm at 349 and just decoded 20 or more blues and not one was over 340, where you getting your blues?|
fairly sad,First weekend of fall; let's see if I can stay disciplined to this seasons goals. #fitness #running #sober #Mindset #firstfriday #family
fairly sad,Some #people already talks about #Halloween \nYou'll get some #dark #music to go with it\n#gothic #bloody #HalloweenHorrorNights
fairly sad,|@KhoroshiySoldat --prepared.\n\n'Not as far as I know.' was her dull reply. 'There are still survivors, members from it. Like I said,-/|
fairly sad,@BookOfKaells @quennell3_ no blues?!
fairly sad,|In the name of our Lord &amp; Saviour Harambe we pray, bless all apes across the world.\n\nHear our solemn oaths and pardon sympathetic hominids.|
fairly sad,|@msfang they say you attract what you see, maybe I shouldn't be a pessimist but I don't wanna take any chances lol can't wait to relocate|
fairly sad,Bro Why pine green forget me nots are mediumpurple pickering is not lit and so on
fairly sad,@JonathanHatfull Iâ€™ll look forward to it. Hoping for lots of stetson-tilting and rueful looks into whiskey glasses.
fairly sad,thereâ€™s shaytan in this room wallahi its been dark all the time now the lamp is on!! omg shaytan
fairly sad,|@UltimateBoxer My heart because you left me for so long again\n\n*slight pout but it turned to a smile*\n\nheheh just kidding, no I'm fine-|
fairly sad,@Bietron ðŸ¤“ dont be sad.. btw good night davina..go sleep larh..
fairly sad,Refuge Recovery Boston - Weds 7:30-9 pm. #healing #support #addiction #recovery #buddhism #meditation #sober #cambma #meeting #harvardsq
fairly sad,More #checking at #work today\n\n#coffee #drank and now it's #down to some #serious #business \n\n#Thursday bring on #Friday
fairly sad,Somehow 90% of the sausage in this pasta I made sunk to the bottom so I'm eating sausage with a tiny bit of leftover pasta
fairly sad,|@holly_lolly7 I just have serious respect for any man that can pull off a bun better than I can, like maybe they can teach me their ways.|
fairly sad,|Transparency and openness ' is a dull sell for a fans group - want more verbs like buying, defending, building and securing.|
fairly sad,Has anyone noticed that @npr stories in recent days all paint positive accomplishments for Trump and challenges for Hillary? #surprised 
fairly sad,No quite sure how Craig Gordon's stayed on the park there !!
fairly sad,@courtneymee I'm 3 days sober don't wanna ruin it
fairly sad,I wanna see you smile I don't wanna see you make a frown
fairly sad,@KurakkuSora he is.\nSure his mind was clouded but...]
fairly sad,Snores on TL. Boredom sunk in.
fairly sad,Season 3 of penny dreadful is on Netflix...well my afternoon is filled
slightly sad,Do not grow weary in doing good.'\n\n-@billclinton
slightly sad,@SheilaCustis We don't expect women to be violent &amp; discourage it. It's really about how we're raising our boys.
slightly sad,|LOL! @TheFrankJLopes was just awarded the â€œFâ€ bomb trophy on #AutoDealerLive, @RealMatKoenig :) #serious|
slightly sad,Jay Z and Brad Pitt cheated ..Bey stayed Angie left #cheaters #love #lust #sex #couples #relationships #date #marriage #divorce
slightly sad,|Carry on my wayward son, there'll be peace when you are done. Lay your weary head to rest. Don't you cry no more. #Supernatural|
slightly sad,@Vixen85Webster yep &amp; I stayed in pjs all day too lol x
slightly sad,For those of you who I have footage of but didnâ€™t make it into this mixâ€”donâ€™t get discouraged! I ran out of room on the beat this week.
slightly sad,@superbatlane it's true also that he doesn't escape until almost all the car sunk
slightly sad,ordered my vacation bathing suits. one less thing to fret about.
slightly sad,@cardiff_blues @CardiffBluesSC Italy another round lets not drop our play and take it to them with a big result out there guys #blues
slightly sad,|@GriffinLaneP @Mediaite The Left has been protected so long, they've lost their reasoning power.|
slightly sad,New job training= too much meat eating! Oh well. Also- got approved to drive for Lyft! Just need a car... #day35 #sober
slightly sad,If you sober better roll another Dutch or if u don't smoke nigga better pour another cup ðŸðŸ¾...
slightly sad,Just put the winter duvet on â˜ƒï¸â„ï¸ðŸŒ¬â˜”ï¸ #serious
slightly sad,|@TetraVariations I don't need a mask, but I'll gladly make a donation to help in ur name! Is it Mr. TY Rex or first initial only? #serious|
slightly sad,#sober life
slightly sad,need to sta dating again.I m bored #redheadteen #boldandbeautiful #lost #500aday single men dating Schkeuditz
slightly sad,@_Mrs_Peel @lp_lisa @PaulRGoulden @LisaLuscious Might be the pout of a star baker tho !
slightly sad,Had a dream last night that Chris Brown created a diss track about Drake and Rihanna called 'I Hit It First' ðŸ˜³ðŸ˜³ #dark
slightly sad,I got a short fuse when im sober.
slightly sad,Already plotting next steps if I get cut off by the same minivan in tomorrow's drop-off line. #preschoolpolitics #momthings 
slightly sad,Never let me see you frown
slightly sad,@xxnogard_G88 Welcome to the  dark honey !
slightly sad,@WriterlyTweets Supine on the pianoâ€”lips parted. #sixwordstory #amwriting #blues #singer
slightly sad,7 pax enjoyed the #gloom @Clayorangecrush @F3LakeMurray
slightly sad,Kinda wanna just book a vacation and go...anyone wanna tag along? #adventure #serious
slightly sad,|@Cigna bows out for the moment. Rather than sulk, I'm going to @UCSF for an opinion from the guys studying #Oligodendroglioma. âœŒï¸&amp; â¤ï¸ &amp; ðŸ©'s|
slightly sad,I need a syfy series to watch I literally have nothing to watch back to back. I already watched #heroes #lost #jericho #fallenskies  etc etc
slightly sad,@wabermes The @RavalliRepublic had a good one but then the reporter quit. 
slightly sad,@jaymohr37 droop saw naked wrestling and asked 'What if I get a hole in one?' #jaymohrsports
slightly sad,@TheCatHeSay I may be #alwayshungry but I haven't sunk that low yet!! @Thereluctantcat
slightly sad,|Blessed are those who mourn, for they will be comforted \n                                              Mt 5:4|
slightly sad,@kelly_welles they were brilliant weren't they? Made me feel v dull not having one. And why no tattoo emoji! This'll have to do... âš“ï¸ x
slightly sad,|When tears r inappropriate: 'This day is holy to our Lord. Do not grieve, for the joy of the LORD is your strength.' Nehemiah 8:10 NIV #joy|
slightly sad,@DefiantSagacity â€” Hermione in a sort of thank you before sliding his own plate away from him before frowning at Ron as he continued to â€”
slightly sad,Let's get drunk and tell each other things we're afraid to say when we're sober.
slightly sad,@chelseafc let them know it's the 
slightly sad,|@FatedDancer ~together.' Hermione  lowered her voice slightly, sounding somewhat  bitter, perhaps even  rueful. 'That would only get you~|
slightly sad,Band members wanted. Contact me #NewcastleGateshead #Sunderland #musicians #musicbusiness #musicislife #music #musically #band #blues #folk
slightly sad,Been working in Blanchardstown shopping centre for over 2 years now and I only figured out today where Marks &amp; Spencer's is 
slightly sad,|#AskAMan but this does not sound like a #serious issue, cause siyahleka the whole time, just having fun|
slightly sad,|@cherrivarisco @audubonsociety Oh yes, males are colourful and the Females are dull, so that they can blend in to their environment.|
slightly sad,My name is John Locke and you can't tell me what I can and can't do #lost #ã‚¢ãƒ‹ãƒ¡
slightly sad,ya boy gets mad tired of pine trees
slightly sad,i wonder how a guy can broke his penis while having sex? #serious
slightly sad,|@NianticLabs .... For example, catching a gloom would yield 6 oddish candies and catching a vileplume would yield 9.|
slightly sad,@markoheight @Cassie_OB we sound like vampires saying we wanna sink our teeth into the TT lads and their talents ðŸ˜‚ðŸ˜‚ðŸ˜‚ðŸ˜‚ðŸ˜‚ðŸ˜‚
slightly sad,i love the word fret so much and im in heaven
slightly sad,|Marcos Rojo Marcos Rojo running down the wing. Loved by the blues, feared by the reds|
slightly sad,Are you serious??
slightly sad,@rickygervais my first time in Slough so checked out the new station floor  #LifeOnTheRoad
slightly sad,@BillSwindell @DePauwU @dick_nixon I was having breakfast when I seen this?! I blew my cereal in the #sink!!
slightly sad,#PeopleLikeMeBecause of some unknown reason but I try to discourage it
slightly sad,Bill Clinton: 'Do not grow weary of doing good.' @ClintonGlobal #CGI2016
slightly sad,.@billradkeradio is not a fan of The Beat Happening. But that's not to discourage aspiring other Olympia musicians! #KUOWrecord
slightly sad,@Piggiewhopays lmao! I can only imagine the frown across that face of yours. #Hilarity
slightly sad,@TweeriaLee A stumbling block to the pessimist is a stepping stone to the optimist.
slightly sad,|@beIIrkes Es, I'm serious 23/8|
slightly sad,Do not be discouraged by a slowing sales market. This will test your business model and pinpoint #strengths and #weaknesses.' @Ken_Dunn
slightly sad,When you get lost in a neighborhood and have to use the gps on your phone to find your way out. #lost #GoogleMaps #blondmoment
slightly sad,@emorottie true sonicsatam was serious and a bit dark. Aosth is like super goofy and Looney toonie to a degree
slightly sad,TGIF! Hope everyone that needs to find #recovery can and that our friends stay #sober this weekend! @REBOSTreatment @BlvdCenters
slightly sad,@pxrfectpeach it's got her little pout
slightly sad,|@darryella it doesn't chip and it doesn't get dull. Nails gone be looking perfect the whole time, except they gone be grown out ðŸ˜‚|
slightly sad,it didn't impress me but it didn't depress me'
slightly sad,|â€œDo not fret if you are not cool! Humans who follow me, become instantly cool!â€ #Bot|
slightly sad,The #pessimist complains about the wind; the #optimist expects it to change; the realist adjusts the sails.' - William Arthur Ward\n#IGNITE
slightly sad,|@littlemore20 I had a nice Italian ice-cream whilst resting my tired paws. Honey flavoured, naturally! #FurryTails #lost #Venice.|
slightly sad,I added Paul Walker on Xbox but he just spends all of his time on the dashboard. #dark #humor #funny
slightly sad,How much time should I give to my friend who lost his laptop to mourn before I can ask him to give me his laptop charger and extra battery??
slightly sad,i can't take u #serious unless u use #emojis
slightly sad,|Back to forest drama -\nfrom my #Forest #music - series, 2016\n#nature #dark #art #photography #Finland|
slightly sad,|@makai_kishi_ Her eyes stayed glued to the monitor, not turning away for anything|
slightly sad,|â€œOptimism may sometimes be delusional, but pessimism is always delusional.â€ â€”Alan Cohen #believe|
slightly sad,|God's love spring.Of one dat sunk his whole estate for d paltry bribe,of a single appleâ€“n yet proud of our ancestry?â¤ï¸ðŸ—¿|
slightly sad,That house on #GrandDesigns isn't in a forest it's in a wibbly wobbly pine plantation
slightly sad,Beats is accurately all-powerful with respect to high-quality high-frequency speaker in re the extra desolate relating to fire-ea:â€¦
slightly sad,gloomy weather puts me in the best mood
slightly sad,Dad asked if I was too hungover to function today. Little does he know I stayed sober last night so i could get shit faced tonight ðŸ˜…
slightly sad,The American Idiot record turns twelve today it changed my preppy middle school heart into a desolate punk rock desert I am forever grateful
slightly sad,|tones - \n: 1/2 of my favourite chris pine stans. i love tones more than anything, mt sweet summer child i will attack anyone who hurts her|
slightly sad,|Amateurs sit and wait for inspiration, the rest of us just get up and go to work.' -- Stephen King #authors #serious #writingtip|
slightly sad,@hotelplanner I stayed at a hotel who  packed picnic lunches to take on the road!! #BetterTogether @Redlizzy1 @NewfieChic @Ladybug_Vic
slightly sad,@cburt43 turn that frown upside down
slightly sad,|@iJuvia_ \n\nHearing the noises, Akame opened her eyes and sat up, facing Juvia. She didn't expect at all to see someone around and staid --|
slightly sad,|@petercoffin So safe blues are ok. Are reds ok as well? Obviously, battleground states would not.|
slightly sad,|Hello fellow #horror #creepy #dark #stange #story fans, how's your day? #followme and I'll #followback|
slightly sad,@DDandDeltaboys will be playing in the Bridge Bar @RameltonWhatsOn this sat (24th Sept) #blues #rhythmandblues #ramelton #donegal
slightly sad,|Oh goodness I'm loving this rainy  day. It's a head down, #creative cap on, &amp; get #lost in your #thoughts kind of day ðŸ’­ â˜ºï¸ #art #create #biz|
slightly sad,No one wants to win the wild card because you have to play the Cubs on the road. 
slightly sad,|#Jazz - the #blues is the roots, the rest is the fruits|
slightly sad,Well i did hear once before that girls are attracted to men that look like their dad!  ðŸ‘Œ 
slightly sad,|The labor of love is not cheap or inexpensive, it's the time spent earning it. #lackadaisical #dreamer|
slightly sad,BLUES with BOB HADDRELL &amp; Guests\nFri 23rd Sep 8:30pm - 11:00pm #blues #free #TunbridgeWells
slightly sad,@RashidAlMaktoum For #serious #intermediaries all required info about #project or #Owner will be mailed.
slightly sad,|9/30 Howland Cultural Center, #BeaconNy Vickie Raabin &amp; Chris Raabe #blues #soul 8pm  @LocalMotionWVKR @hiddencitiesnyc 845-831-4988|
slightly sad,#FF \n\n@The_Family_X \n\n#soul #blues &amp; #rock #band\n\n#music from the #heart\n\nWith soul &amp; #passion \n\nXx ðŸŽ¶ xX
slightly sad,Mmmm #coffee and a good #book on a dreary day! Who can beat that?
slightly sad,|Sometimes I can't believe I've made it this far.169 days!! I threw out my demons n got #sober #clean, n started #recovery.#Sobriety is #2.|
slightly sad,|All clouded out.\n\n Considering using a camera, 1) star trails 2) eyepiece projection.|
slightly sad,|Learning to trust God can quiet a troubled &amp; restless heart, bring peace to a weary soul, &amp; eliminate the hopelessness that #addiction is!|
slightly sad,A pessimist sees the difficulty in every opportunity; an optimist sees the opportunity in every difficulty. \nâ€• Winston S. Churchill #quote
slightly sad,Alt-J - Hunger of the pine.
slightly sad,these grown ass lil boys yeah i can't take them serious.
slightly sad,|Be strong &amp; courageous. Do not be terrified or discouraged, for the LORD your God will be with you wherever you go.|
slightly sad,Let the #MrRobot binge begin. #nerdshow #compelling #dark
slightly sad,Anyway I'm in a car with a furious white men and I have a really funny story to tell when I'm sober ðŸ˜‚
slightly sad,|#RiceFODays now I am Alex Butler's class on financial management. Starts off with a great, relevant class discussion: movies and sunk costs|
slightly sad,|There is no dark side in the moon. In fact, it's all dark.'\nGerry O'Driscoll at the end of 'The Dark side of the Moon'|
slightly sad,@BluesfestByron second artist announcement looking good #bluesfest2017  #Music #byronbay
slightly sad,now playing yung fav song ni chavs #sober ðŸ˜‚
slightly sad,|@BlurtAlerts 'the darkest of nights can be bright, the solemn of faces lights up with a smile'. -@Totemprince believe in me, as I do in you|
slightly sad,@kcbbcxo don't get discouraged! it's early on &amp; it can get overwhelming. keep reading &amp; use cue cards ðŸ˜Š it'll get better!!
slightly sad,Damn gud #premiere #LethalWeapon...#funny and 
slightly sad,I can't mourn Kid Cudi cause we have Travis Scott...
slightly sad,|Be joyful in hope, patient in affliction, faithful in prayer. Romans 12:12|
slightly sad,Isaiah 40:31\nthose who trust in the Lord will find new strength.\nThey will soar high on wings like eagles.\nThey will run and not grow weary.
slightly sad,|@AMB4JC @drtonyevans It's our job, the job of people who r still sane,still ok in life, to help the lost to find themselves &amp; love eachother|
slightly sad,Unmatched Party Specialist /co @T3RevNeverEnd #serious #job #titles
slightly sad,|Honestly don't give af who wins out of us and pine, I'm just worried about getting drunk Saturday nightðŸ˜‚|
slightly sad,I don't think Luca understands how serious I am about Fall....he has no idea what's in store for him ðŸ˜‚ðŸ˜‚
slightly sad,I keep feeling the heaviness on my left hand and look down and I am in awe every single time ðŸ˜ðŸ’ #notusedtoit #imafiancÃ©e #wut
slightly sad,the rappers who stayed true to the game is rich.
slightly sad,@thetroche94 @ramiro_cedeno yeah if you want to become obese it is! ðŸ˜… I can afford it so I don't think it's that serious haha
slightly sad,@Hails_Berry8 @sajedhariri23 varsity pine riding
slightly sad,The difference between someone's selfies when they're happy vs. unhappy is absolutely amazing.
slightly sad,@KatelynKolsrud thanks mucho kateðŸ’• #sober
slightly sad,@hyattd335 #Grateful for #novel #award #promo #RT - #Blessings DeWayne Hyatt #Hippie who loves to grind on the #blues #Florida
slightly sad,@CrucialBMXShop ohh silver lake came up a lot on there! Is that where you guys stayed?
slightly sad,|@Damn_It_Dillon @SamUndomiel of course! This is a happy hentai, not a sad or gloomy one|
slightly sad,@VaunWilmott @PrisonBreak @PBWritersRoom linc the sink
slightly sad,|@Lesdoggg take me with you!! JK. Have fun, relax, get a massage or two and chill. Don't eat the cucumbers, most places frown on that.|
slightly sad,We stayed up all night long\nMade our drinks too strong\nFeeling ten feet tall\nRopes swinging into the water\nIn the middle of the night
slightly sad,why do i have such a thing for dark curly hAIR
slightly sad,Well i did hear once before that girls are attracted to men that look like their dad!  ðŸ‘Œ #serious
slightly sad,|A tummy full of steak, wine, key lime pine and cuddles on tap. What a way to turn around a stressful Wednesday ðŸ’›|
slightly sad,Free live music in DC tonight!  #blues with #MoonshineSociety at @thehamiltondc in the Loft starting at 10:30pm @FreeinDCBlog @WTOPFreebies
slightly sad,@hannah_2401 hannah stop being mournful and chill ðŸ’
slightly sad,Guys! Read my #fanfiction if you like #lost and #housemd I have one of each #tvshow -link in bio!
slightly sad,@m_giacchino will this be aired on radio or filmed? Lots of fans over the pond too! #wales 
slightly sad,Very long day. Thank goodness for Bake Off to brighten up a weary Wednesday â˜º #GBBO
slightly sad,|TONIGHT - Fulford Arms, York \nTOMORROW - Bank Top Tavern, Oldham\nNEXT SATURDAY- Big Hands, Manchester \n\n#livemusic #punk #blues #rockandroll|
slightly sad,|I'm so proud he understands this, he shows love, thought and compassion    and it's not done in a clouded way..|
slightly sad,blues bar
slightly sad,|@GOP she's ahead in the polls &amp; after Trumps dismal performance at upcoming debate, it will be an easy win for Hillary.|
slightly sad,@urbaneprofessor roast them. Then risotto with sage and pine nuts
slightly sad,Happiness is always there. You just have to choose to see it. There's no point dwelling in the dark and ignoring the light of the stars.
slightly sad,Good morning chirpy #SpringEquinox and your pensive sister #AutumnEquinox A perfect day however it is expressed ðŸŒ¹ðŸðŸŒ“â˜¯ï¸ #theBeautyofBalance
slightly sad,also who has amazon prime that would like to help a girl out LOL #serious
slightly sad,I added Paul Walker on Xbox but he just spends all of his time on the dashboard.  #humor #funny
slightly sad,|Nice to see Balotelli back to his best, good player.. Just lost his way a bit!|
slightly sad,@KatieBurnett ha freshers blues would love to re do all again ... ha nice tshirt .. vote for Pedro
slightly sad,What do you get when you cross an #apple tree and a #pine tree? ðŸŽðŸŒ²\nNothing. You can't cross-pollinate #deciduous and #coniferous #trees.
slightly sad,|Please bear with me, I'm not Twitter savvyðŸ˜ in real life I'm a Facebook person. Help me gain followers ðŸ¤“ #blog #selfhelp |
slightly sad,@RiRiMathew even when we're fighting I'm laughing. I probably have serious ingrained issuesðŸ˜‚ðŸ¤—
slightly sad,|@SquidWasTaken Pfft- Yeye, i'm a sucker for bright yellow, red, pink, and blues when it comes to coloring or backgrounds haaa|
slightly sad,Never a dull moment when talking to Nell ðŸ˜‚ðŸ˜‚ðŸ˜‚ðŸ˜‚ðŸ˜‹
slightly sad,Never dull moment here
slightly sad,#picoftheday : How...why... Really... !!\n    #funny #picoftheday #lol #random #laugh #chair #of #despair #funnypics  #virgin #cafe #i...
slightly sad,@EBled2 Great to have you as our tournament chair and award was #serious
slightly sad,@DarbyHogle the red one would look super pretty with a bronzy glowy nude lip makeup look! 3rd black would be pretty with a dark lip! ðŸ˜
slightly sad,@PottzGaming hmu need players for lans next year. DM me. Need serious players. Im under org
slightly sad,|#FF @ElizaNealsRocks Love &amp; support, always!! Eliza Neals ROCKS!! #blues #music #friends ðŸ˜ŽðŸŽ¸|
slightly sad,@VivienLloyd Thank you so much! Just home - stunned but so happy. Don't think it has sunk in yet! Wow.
slightly sad,Just put the winter duvet on â˜ƒï¸â„ï¸ðŸŒ¬â˜”ï¸ 
slightly sad,@SilkInSide @TommyJoeRatliff that's so pretty! I love the sky in the background and the purple highlights with the dull colors is great
slightly sad,@BluesfestByron second artist announcement looking good #bluesfest2017 #blues #Music #byronbay
slightly sad,|I can literally eat creamy pesto pasta topped with grilled chicken, sun dried tomatoes, asparagus and pine nuts every single day of my life|
